&,dan,
@,di,
1pun,satupun,
7an,tujuan,
aamiin,amin,
aamiin,amin,
aamiinnn,amin,
ababil,abglabil,
abis,habis,
absurd,aneh,
acc,accord,
accord,sesuai,
achh,ah,
ad,ada,
adain,adakan,
adl,adalah,
adlah,adalah,
adlh,adalah,
administ,administrasi,
adoh,aduh,
aduhhh,aduh,
adw,ada,
afaik,asfarasiknow,
affh,apa,
after,sesudah,
agma,agama,
aha,tertawa,
ahaha,haha,
ahhh,ah,
ahhhh,ah,
ahiok,ahok,
ahoax,ahok,
ahokncc,ahok,
aing,saya,
aj,aja,
aj,saja,
aja,saja,
ajaaa,saja,
ajaaaa,saja,
ajaaaa,saja,
ajah,saja,
ajak2,ajak-ajak,
aje,saja,
ajep-ajep,duniagemerlap,
ajg,anjing,
ajj,saja,
ajjrr,anjing,
ak,aku,
aka,dikenaljugasebagai,
akherat,akhirat,
akhirx,akhirnya,
akika,aku,
akko,aku,
akkoh,aku,
akku,aku,
akn,akan,
aktifis2,aktivis-aktivis,
aktip,aktif,
aktivi,aktivis,
aktivis2,aktivis-aktivis,
akun2,akun-akun,
akuu,aku,
akuuu,aku,
akuwh,aku,
akyu,aku,
alay,norak,
aleg,caleg,
alih2,alih-alih,
aljasa,asaljadisaja,
all,semua,
almaidahyg,almaidah,
almh,almarhumah,
alo,halo,
alow,halo,
ama,sama,
ambilin,ambilkan,
ambl,ambil,
amerik,amarika,
amjinc,anjing,
anak2,anak-anak,
analisise,analisis,
ancur,hancur,
ancuuurr,hancur,
angis,nangis,
angst,cemas,
anj,anjing,
anjay,anjing,
anjeng,anjing,
anjengggg,anjing,
anjg,anjing,
anjggg,anjing,
anjiiirrrrrrrr,anjing,
anjir,anjing,
anjirlah,angjinglah,
anjirrr,anjing,
anjr,anjing,
anjrit,anjing,
anjuttt,anjing,
ank,anak,
anter,antar,
anterin,antarkan,
antre,antri,
anying,anjing,
anynggggg,anjing,
ap,apa,
ap2,apa-apa,
apaaaaaaa,apa,
apaan,apa,
apakahh,apakah,
apasih,apasih,
ape,apa,
apes,sial,
apha,apa,
aplot,unggah,
aps,apa,
apva,apa,
aq,saya,
aqu,aku,
aquwh,aku,
as,amerikaserikat,
asap,sesegeramungkin,
asbun,asalbunyi,
aseek,asyik,
aseekk,asyik,
asek,asyik,
asekk,asik,
asekk,asyik,
aseknya,asyiknya,
asem,asam,
asoy,asyik,
aspal,aslitetapipalsu,
astagaaaa,astaga,
astrojim,astagfirullahaladzim,
astul,asaltulis,
asuu,anjing,
asw,anjing,
ath,kalaubegitu,
ato,atau,
ats,atas,
attack,serang,
atuh,kalaubegitu,
aturane,aturannya,
atvsi,asosiasitelevisiswastaindonesia,
au,angkatanudara,
auah,tidakmautahu,
authorization,ijin,
ava,avatar,
awak,saya,
awakkuuuuu,sayangku,
aws,awas,
ay,sayang,
ayang,sayang,
ayank,sayang,
ayat2,ayat-ayat,
ayok,ayo,
ayuk,ayo,
ayukkk,ayo,
b2,berdua,
b4,sebelum,
bacot,banyakbicara,
badanne,badannya,
baikkk,baik,
bajir,banjir,
bakalan,akan,
bakaln,bakalan,
bales,balas,
balikk,balik,
bandes,bantuandesa,
bangdes,pembangunandesa,
bangedh,banget,
bangett,banget
bangettt,banget,
bangetttt,banget,
bangettttt,banget,
bangke,bangkai,
bangkotan,tua,
banpol,bantuanpolisi,
banpres,bantuanpresiden,
banpur,bantuantempur,
bansarkas,bantuansaranakesehatan,
bantuin,tolong,
banyakk,banyak,
baper,bawaperasaan,
basbang,basi,
bat,banget,
batalin,batalkan,
bauny,baunya,
bawain,bawakan,
"bazis,""badanamal,zakat,infak,dansedekah"","
bbrp,beberapa,
bbrpa,beberapa,
bcanda,bercanda,
bcoz,karena,
bdaya,budaya,
bdg,bandung,
bdk,budak,
beb,sayang,
bebal,bodoh,
bedakin,bedak,
before,after,
begajulan,nakal,
bejibun,banyak,
beliin,belikan,
belom,belum,
belummmm,belum,
belummmmm,belum,
beluum,belum,
bem,badaneksekutifmahasiswa,
benarjujur,benar,
benarjujur,jujur,
bencong,banci,
bener,benar,
bener2,benerbener,
benerbener,benar-benar,
bengineeee,begini,
bentar,sebentar,
ber2,berdua,
ber3,bertiga,
berakkkk,berak,
berangk,berangkat,
berdikari,berdiridiataskakisendiri,
berduaa,berdua,
beresin,membereskan,
berhenti2,berhentiberhenti,
berisko,berisiko,
bersmaa,bersama,
bertggjwb,bertanggungjawab,
bet,banget,
bete,bosan,
beti,bedatipis,
bettul,betul,
beud,banget,
beut,banget,
beuud,banget,
bg,abang,
bg,bagi,
bgd,banget,
bgm,bagaimana,
bgmn,bagaimana,
bgmn,bagaimana,
bgs,bagus,
bgst,bangsat,
bgstt,bangsat,
bgt,banget,
bgtt,banget,
bgttt,begitu,
bgtttt,banget,
bgtu,begitu,
bhai,bye,
bhkan,bahkan,
bhubu,tidur,
bhw,bahwa,
bhwa,bahwa,
bhy,bahaya,
bijimane,bagaimana,
bilanh,bilang,
bimbuluh,bimbingandanpenyuluhan,
bingit,banget,
bintal,bimbinganmental,
bisaaa,bisa, 
bisi,kalau-kalau,
bit,sedikit,
bkan,bukan,
bkannya,bukannya,
bkl,akan,
bkmt,badankontakmajelistaklim,
bkn,bukan,
bknnya,bukannya,
bl,beli,
blas,balas,
blegug,bodoh,
bleh,boleh,
blg,bilang,
blh,boleh,
bli,beli,
blinkssssss,blinks,
blm,belum,
bln,bulan,
blng,bilang,
blom,belum,
bls,balas,
blum,belum,
bnchi,benci,
bnci,benci,
bnda,benda,
bner,benar,
bngke,bangkai,
bngkit,bangkit,
bngung,bingung,
bnr,benar,
bnran,yangbenar,
bnrn,betulan,
bntr,sebentar,
bnyak,banyak,
bnyk,banyak,
bodo,bodoh,
bodor,lucu,
bogorpdhal,bogorpadahal,
bohay,badanaduhai,
bokap,ayah,
bokep,porno,
bokep,videoporno,
boker,buangairbesar,
bokin,pacar,
bokis,bohong,
bole,boleh,
boleeh,boleh,
bolh,boleh,
boljug,bolehjuga,
bolot,bodoh,
bonek,bocahnekat,
bonyok,ayahibu,
boong,bohong,
boostee,booster,
boostereeeh,booster,
bopi,badanolahragaprofesionalindonesia,
bosann,bosan,
boyeh,boleh,
bpak,bapak,
bpk,bapak,
bpk,bapak,
bpkku,bapaksaya,
br,baru,
brantas,berantas,
brb,segerakembali,
brg,bareng,
brgkt,berangkat,
brhadapan,berhadapan,
brng,bareng,
brngkt,berangkat,
bro,saudaralaki-laki,
brp,berapa,
brrti,berarti,
brsdia,bersedia,
brstu,bersatu,
brt,berarti,
bru,baru,
brur,saudaralaki-laki,
bs,bisa,
bsa,bisa,
bsen,bosan,
bsk,besok,
bsr,besar,
bt,bosansekali,
bt,buat,
btol,botol,
btw,bytheway,
btw,ngomong-ngomong,
btwww,bytheway,
bu_bu,tidur,
buaat,buat,
buangbuang,buang,
buanyak,banyak,
buaya,tidaksetia,
bubarin,bubarkan,
bubbu,tidur,
buber,bukabersama,
bubu,tidur,
bujubune,luarbiasa,
bumil,ibuhamil,
bund,bunda,
bunuh2an,bunuh-bunuhan,
buser,burusergap,
busettt,buset,
buzzerbuzzer,buzzer,
bw,bawa,
bwhn,bawahan,
bwt,buat,
byar,bayar,
byj,banyak,
byk,banyak,
byr,bayar,
byrin,bayarkan,
c8,chat,
cabal,sabar,
cabut,pergi,
cadas,keren,
caem,cakep,
cakap,berbicara,
calo,makelar,
cama-cama,sama-sama,
can,belum,
cangcut,celanadalam,
capcus,pergi,
cape,capek,
capek,lelah,
caper,cariperhatian,
capresss,calonpresiden,
caur,jelek,
cayalah,percaya,
cb,coba,
cc,carboncopy,
ce,cewek,
cekak,tidakadauang,
cekal,cegahtangkal,
cekidot,cobalihat,
cekk,cek,
cemen,penakut,
cemplungin,cemplungkan,
cengengesan,tertawa,
cepat2,cepatcepat,
ceper,pendek,
cepet,cepat,
cepu,tukangngadu,
ceu,kakakperempuan,
cew,cewek,
cewe,cewek,
chuyunk,sayang,
cibuk,sibuk,
cimeng,ganja,
cin,cinta,
cipikacipiki,ciumpipikananciumpipikiri,
ciye,cie,
ciyh,sih,
cjr,coboyjunior,
ckck,ck,
ckepp,cakep,
ckp,cakep,
ckp,cukup,
clbk,cintalamabersemikembali,
clean,bersih,
cm,cuma,
cma,cuman,
cmiiw,correctmeifi'mwrong,
cmn,hanya,
cmpr,campur,
cmpur,campur,
cnenk,senang,
cobaen,cobain,
cong,banci,
congor,mulut,
conlok,cintalokasi,
copat,covid,
copit,covid,
cos,cause,
covad,covid,
cow,cowo,
cow,cowok,
cowwyy,maaf,
coz,karena,
cp,siapa,
cpa,siapa,
cpe,capek,
cppa,siapa,
cppe,capek,
cr,cara,
cri,cari,
crny,caranya,
cth,contoh,
cuba,coba,
cucok,cocok,
cuek,tidakacuh,
cuex,cuek,
cuman,Cuma,
cumi,Cumamiscall,
cungkring,kurustinggi,
cups,culun,
cupu,culun,
curanmor,pencuriankendaraanbermotor,
curas,pencuriandengankekerasan,
curcol,curahanhaticolongan,
curhat,curahanhati,
cust,customer,
customer,pelanggan,
cwek,cewek,
cwo,cowo,
cwok,cowok,
cyin,cinta,
cz,karena,
d,di,
dagh,sudah,
dah,sudah,
dah,sudah,
dahgt,sudahbegitu,
dalem,dalam,
damang,sehat,
dapet,dapat,
dateng,datang,
datengin,datangkan,
de,adik,
dech,deh,
dek,adik,
deket,dekat,
demamm,demam,
demen,suka,
denger,dengar,
dengerin,dengarkan,
deyh,deh,
dftr,daftar,
dg,dengan,
dgn,dengan,
dgn,dengan,
dgr,dengar,
dh,deh,
dh,sudah,
diancurin,dihancurkan,
diarahin,diarahkan,
didepooooook,didepok,
die,dia,
diem2,diamdiam,
digantungin,digantungkan,
digosipin,digosipkan,
dijelasin,dijelaskan,
dikaluarken,dikeluarkan,
dikeluarin,dikeluarkan,
dikit,sedikit,
dikti,direktoraljendralpendidikantinggi,
dimaafin,dimaafkan,
dimana2,dimana-mana,
dimanfaatke,dimanfaatkan,
dimintak,diminta,
dimna,dimana,
direhap,direhab,
disediain,disediakan,
disono,disana,
disuntikin,disuntikkan,
disuru,disuruh,
ditanyain,ditanyakan,
diuber,dikejar,
dket,dekat,
dki,daerahkhususibukota,
dkit,sedikit,
dkk,dankawankawan,
dkk,dankawan-kawan,
dksh,dikasih,
dkt,dekat,
dl,dulu,
dll,danlainlain,
dll,danlain-lain,
dlm,dalam,
dlu,dulu,
dlunya,dulunya,
dmaksud,dimaksud,
dmn,dimana,
dmna,dimana,
dn,dan,
dngn,dengan,
doang,saja,
dodol,bodoh,
doi,dia,
doku,uang,
dom,domisili,
dongg,dong,
donggg,dong,
dongggg,dong,
donggggggg,dong,
dongok,bodoh,
dongs,dong,
donjuan,playboy,
donk,dong,
donkkk,dong,
donlot,unduh,
doong,dong,
dooong,dong,
download,unduh,
dpet,dapat,
dpn,depan,
dpr,dewanperwakilanrakyat,
dprd,dewanperwakilanrakyatdaerah,
dpt,dapat,
dpt,dapat,
dr,dari,
Dr,dokter,
dri,dari,
drmana,darimana,
drmn,darimana,
drpd,daripada,
drpd,daripada,
drtd,daritadi,
dsb,dansebagainya,
dsk,dansekitarnya,
dsna,disana,
dst,danseterusnya,
dstu,disitu,
dtg,datang,
dugem,duniagemerlap,
duh,aduh,
duhhhh,duh,
duit,uang,
dulu,dahulu,
dungu,bodoh,
duren,durian,
dy,dia,
dzolim,zalim,
ear,kuping,
ed,edisi,
edan,gila,
efekny,efeknya,
effort,usaha,
ego,emosi,
egp,emangguepikirin,
ehh,eh,
eike,aku,
eke,aku,
elo,anda,
elo,kamu,
elu,kamu,
emang,memang,
emanggg,memang,
emangnya,memangnya,
emank,memang,
emg,memang,
emng,memang,
emte,makanteman,
endak,tidak,
engga,tidak,
enggaa,tidak,
enggak,tidak,
enggk,tidak,
entar,nanti,
envy,iri,
eps,episode,
etc,etcetera,
eww,jijik,
ex,mantan,
ext,extension,
fahami,pahami,
fak,fakultas,
fakta2,fakta-fakta,
faktakta,fakta,
fax,facsimile,
fb,facebook,
fck,fuck,
fdsi,forumdiskusisuporterindonesia,
fee,biaya,
fifo,firstinfirstout,
finallyyyy,akhirnya,
finek,finansialekonomi,
fisip,fakultasilmusosialdanilmupolitik,
fitnag,fitnah,
folbek,followback,
fpi,frontpembelaislam,
fwd,diterukan,
fyi,sebagaiinformasi,
g,tidak,
ga,tidak,
gaa,tidak,
gaaa,tidak,
gaaakkkk,tidak,
gaada,tidakadauang,
gabakal,tidakbakal,
gabisa,tidakbisa,
gaboleh,tidakboleh,
gabut,bosan,
gada,tidakada,
gaenak,tidakenak,
gag,tidak,
gahar,sangar,
gais,teman-teman,
gaiss,teman-teman,
gaisss,teman-teman,
gajadi,tidakjadi,
gaje,tidakjelas,
gak,tidak,
gak,tidak,
gakmuncul,tidakmuncul,
gakpapa,tidakapa-apa,
gaksi,iyakan,
gakuat,tidakkuat,
gakuatt,tidakkuat,
galauu,galau,
gamasuk,tidakmasuk,
gamau,tidakmau,
gampang,mudah,
gampng,mudah,
gamuncul,tidakmuncul,
gamungkin,tidakmungkin,
gan,juragan,
gan,juragan,
gangguin,mengganggu,
gantengbs,ganteng,
gantengsaya,ganteng,
gapaoa,tidakapapa,
gapapa,tidakapa-apa,
gapercaya,tidakpercaya,
gaperlu,tidakperlu,
gapernah,tidakpernah,
gaptek,gagapteknologi,
gasadar,tidaksadar,
gasampe,tidaksampai,
gatakut,tidaktakut,
gatau,tidaktahu,
gatek,gagapteknologi,
gatel,gatal,
gatelen,gatal,
gatot,gagaltotal,
gawe,kerja,
gax,tidak,
gbs,tidakbisa,
gd,gusdur,
gda,tidakadauang,
gebetan,orangyangdisuka,
gede,besar,
geer,gederasa,
gegara,gara-gara,
geje,tidakjelas,
gelo,gila,
gelooooooooooo,gila,
gene,begini,
gepeng,gelandangandanpengemis,
gerakk,gerak,
ges,teman-teman,
gess,teman-teman,
gessss,teman-teman,
ghiey,lagi,
ghiy,lagi,
gi,lagi,
gib,gerakanindonesiaberadab,
gilaaa,gila,
gilaak,gila,
gile,gila,
giman,gigimancung,
gimana,bagaimana,
gimana,bagaimana,
gimna,gimana,
gini,begini,
gino,giginongol,
gitchu,gitu,
githu,gitu,
gitu,begitu,
gituu,begitu,
gj,tidakjelas,
gk,tidak,
gksie,gaksih,
gmana,bagaimana,
gmau,tidakmau,
gmn,bagaimana,
gmn,bagamana,
gmna,bagaimana,
gn,begini,
gni,begini,
goblog,goblok,
goblok,bodoh,
gokil,gila,
golongan2,golongan-golongan,
golput,golonganputih,
gombal,sukamerayu,
good,bagus,
gosa,tidakusah,
governor,gubernur,
gowes,mengayuhsepeda,
gpl,tidakpakailama,
gpny,tidakpunya,
gpp,tidakapa-apa,
gppa,tidakapapa,
gr,gederasa,
gretong,gratis,
gretongan,gratisan,
grgr,gara-gara,
gt,begitu,
gt,gitu,
gtau,tidaktahu,
gtu,begitu,
gtuuuu,begitu,
gtw,tidaktahu,
gua,saya,
guaa,saya,
guakan,sayakan,
gub,gubernur,
gue,saya,
guna,menggunakan,
guoblok,goblok,
guwe,saya,
guys,teman-teman,
guysss,teman-teman,
guyyss,teman-teman,
gw,saya,
gws,cepatsembuh,
ha,tertawa,
habis2an,habis-habisan,
hadehh,hadeh,
haduhhhh,aduh,
haghaghag,tertawa,
haha,tertawa,
haii,hai,
hak2,hakhak,
hakhak,tertawa,
halloo,halo,
hallow,halo,
ham,hakasasimanusia,
handak,bahanpeledak,
hankam,pertahanandankeamanan,
hansip,pertahanansipil,
happy,bahagia,
hardcore,keras,
harusnye,harusnya,
harusnys,harusnya,
hate,benci,
haturnuhun,terimakasih,
haturnuhuun,terimakasih,
hbis,habis,
hbs,habis,
hebaaaaatt,hebat,
hehe,he,
hei,hai,
hellow,halo,
helo,halo,
helow,halo,
heter,pembenci,
heters,pembenci,
hey,hai,
hi,hai,
hilanggg,hilang,
hiring,rekrut,
hjtn,hajatan,
hlm,halaman,
hlng,hilang,
hny,hanya,
hnya,hanya,
hoax,isubohong,
hooh,iya,
hot2nya,hot-hotnya,
houm,rumah,
hr,hari,
hri,hari,
hrs,harus,
hrus,harus,
hubad,hubunganangkatandarat,
hubdar,perhubungandarat,
hubla,perhubunganlaut,
huff,mengeluh,
huft,mengeluh,
hum,rumah,
humas,hubunganmasyarakat,
humoris,lucu,
humz,rumah,
hurts,pedih,
ide2,ide-ide,
idiot,bodoh,
idk,sayatidaktahu,
idup,hidup,
ikon,lambang,
ilang,hilang,
ilfeel,tidaksuka,
ilfil,tidaksuka,
im,saya,
imba,jagosekali,
imho,inmyhumbleopinion,
imoet,imut,
imoetz,imut,
imuniti,imunitas,
indinesia,indonesia,
indo,indonesia,
indon,Indonesia,
info,informasi,
infoin,infokan,
infoo,info,
infooo,info,
infooo,info,
infoooo,info,
inget,ingat,
ingett,ingat,
ingpo,info,
ingt,ingat,
inihh,ini,
iniii,ini,
iniiii,ini,
insom,insomnia,
into,menjadi,
ipb,institutpertanianbogor,
irit,hemat,
isengin,bercanda,
iso,bisa,
isoo,bisa,
isooo,bisa,
ista,nista,
istaa,nista,
isu2,isu-isu,
item,hitam,
itj,Indonesiatanpajil,
ito,itu,
itu2,itu-itu,
itung,hitung,
itungan,hitungan,
ituu,itu, 
ituuu,itu,
iy,iya,
iyaaa,iya,
iyala,iyalah,
iye,iya,
iyo,iya,
izinin,izinkan,
ja,saja,
jabar,jawabarat,
jablay,jarangdibelai,
jadiii,jadi,
jadiin,jadi,
jadiin,jadikan,
jadul,jamandulu,
jaim,jagaimage,
jan,jangan,
jancuk,anjing,
janjinyaa,janji,
jargon2,jargonjargon,
jatim,jawatimur,
jatohin,menjatuhkan,
jawapan,jawaban,
jayus,tidaklucu,
jd,jadi,
jdi,jadi,
jdikan,jadikan,
jdinya,jadinya,
je,saja,
jebolin,jebolkan,
jelas2,jelas-jelas,
jem,jam,
jentelmen,berani,
jg,juga,
jga,juga,
jgk,juga,
jgn,jangan,
jgnkan,jangankan,
ji2k,jijik,
jijay,jijik,
jil,jaringanislamliberal,
jing,anjing,
jir,anjing,
jir,anjing,
jirr,anjing,
jirrr,anjing,
jjk,jijik,
jk,jika,
Jkt,Jakarta,
jkt,jakarta,
Jkw,jokowi,
jl,jalan,
jln,jalan,
jln,jalan,
jls,jelas,
jng,jangan,
jnj,janji,
job,kerja,
joget2,joget-joget,
jomblo,tidakpunyapacar,
jth,jatuh,
jual2,jual-jual,
jubir,jurubicara,
jugak,juga,
jurdil,jujuradil,
jutek,galak,
jwb,jawab,
jwbnya,jawabnya,
k,ke,
ka,kakak,
kaa,kakak,
kaak,kakak,
kab,kabupaten,
kabag,kepalabagian,
kabor,kabur,
kacian,kasihan,
kacrut,kacau,
kadang2,kadangkadang,
kadit,kepaladirektorat,
kadiv,kepaladivisi,
kaga,tidak,
kagak,tidak,
kajj,kah,
kaka,kakak,
kakk,kakak,
kakkk,kakak,
kalauu,kalau,
kalean,kalian,
kalo,kalau,
kalo,kalau,
kaltim,kalimantantimur,
kamisss,kamis,
kampret,sialan,
kamtib,keamanandanketertiban,
kamtibmas,keamanandanketertibanmasyarakat,
kamuh,kamu,
kamuu,kamu,
kamuwh,kamu,
kamyu,kamu,
kan,akan,
kang,tukang,
kanwil,kantorwilayah,
kapolri,KepalaPolisiRepublikIndonesia,
kapt,kapten,
karn,karena,
karna,karena,
karnya,karena, 
kasat,kepalasatuan,
kasiihh,kasih,
kasubbag,kepalasubbagian,
kasubbid,kepalasubbidang,
kata2,kata-kata,
katrok,kampungan,
kau,kamu,
kawan2,kawan-kawan,
kaya,seperti,
kayak,seperti,
kayaknga,kayaknya,
kayanya,kayaknya,
kbar,kabar,
kbr,kabar,
kbtln,kebetulan,
kbykn,kebanyakan,
kcian,kasihan,
kdng,kadang,
kdu,harus,
kdua,kedua,
ke,kah,
kebranian,keberanian,
keburu,terlanjur,
kec,kecamatan,
kece,keren,
kedubes,kedutaanbesar,
kejar2,kejar-kejar,
kejurnas,kejuaraannasional,
kek,kaya,
kek,seperti,
kekeuh,keraskepala,
kekkk,seperti,
keknya,kayaknya,
keknya,kayanya,
kel,kelompok,
kel,kelurahan,
kelen,kalian,
keliatan,kelihatan,
keluarin,keluarkan,
kemaren,kemarin,
kemenag,kementrianagama,
kemenkominfo,kementriankomunikasidaninformatika,
kemrin,kemarin,
kenapaa,kenapa,
kene,sini,
keneh,masih,
kentel,kental,
kentot,senggama,
kenya,sepertinya,
kepake,dipakai,
kepengen,mau,
kepikiran,terpikirkan,
kepingin,mau,
kepo,mautahuurusanorang,
kepsek,kepalasekolah,
kere,tidakpunyauang,
kereeeeeeennn,keren,
keringet,keringat,
kesbang,kesatuanbangsa,
kesian,kasihan,
kesihatan,kesehatan,
kesra,kesejahteraanrakyat,
ketauan,ketahuan,
ketrima,diterima,
ketum,ketuaumum,
keukeuh,keraskepala,
kga,tidak,
kgak,tidak,
kgiatan,kegiatan,
kgk,tidak,
kh,kah,
khan,kan,
kibul,bohong,
kibus,kakibusuk,
kimpoi,kawin,
kite,kita,
kitorang,kami,
kk,kakak,
kl,kalau,
klh,kalah,
kli,kali,
klian,kalian,
klianz,kalian,
klmpk,kelompok,
klo,kalau,
kloter,kelompokterbang,
klou,kalau,
kls,kelas,
kluarga,keluarga,
klw,kalau,
klwrga,keluarga,
km,kamu,
kmaksiatan,kemaksiatan,
kmaren,kemarin,
kmari,kemari,
kmn,kemana,
kmna,kemana,
kmps,kampus,
kmpus,kampus,
kmrin,kemaren,
kmrm,kemeramen,
kmrn,kemarin,
kn,kan,
knal,kenal,
kndraan,kendaraan,
kne,terlibat,
knl,kenal,
knp,kenapa,
knpa,kenapa,
koar,teriak,
kodya,kotamadya,
koentji,kunci,
kog,kok,
kokkk,kok,
komdis,komisidisiplin,
kompi,komputer,
komsov,komunissovyet,
komtiong,komunisTiongkok,
komun,komunitas,
kongkow,kumpulbarengteman-teman,
konjen,konsulatjenderal,
konpers,konferensipers,
kopdar,kopidarat,
kopit,corona,
koq,kok,
korona,corona,
korup,korupsi,
kowe,kamu,
kpai,komisiperlindungananakindonesia,
kpd,kepada,
kpd,kepada,
kpid,komisipenyiaranindonesiadaerah,
kpk,komisipemberantaskoruptor,
kpn,kapan,
kptsan,keputusan,
krena,karena,
krenz,keren,
kreta,kereta,
krik,garing,
krim,kirim,
krj,kerja,
krm,kirim,
krn,karena,
krna,karena,
krng,kurang,
ksadaran,kesadaran,
ksana,kesana,
ksehtn,kesehatan,
ksna,kesana,
ksno,kesana,
ksong,kosong,
kt,kita,
ktauan,ketahuan,
ktipu,tipu,
ktk,ketika,
ktmu,ketemu,
ktny,katanya,
ktp,kartutandapenduduk,
ktr,kantor,
kuaaattt,kuat,
kuath,kuat,
kuatir,khawatir,
kuattt,kuat,
kudu,harus,
kumpulin,kumpulkan
kuper,kurangpergaulan,
kuq,kok,
kurng,kurang,
kw,imitasi,
kwn,kawan,
ky,kaya,
ky,seperti,
kya,seperti,
kyak,seperti,
kyk,kayak,
kyk,seperti,
kykny,kayanya,
kyknya,sepertinya,
la,lah,
laen,lain,
lagiiiiii,lagi,
laka,kecelakaan,
laki2,laki-laki,
lakuin,lakukan,
lam,salam,
lambreta,lambat,
lamp,lampiran,
langi,langit,
lansia,lanjutusia,
lansiaa,lansia,
lanud,landasanudara,
lapas,lembagapemasyarakatan,
laper,lapar,
larang2,larang-larang,
latgab,latihangabungan,
lawyer2,lawyerlawyer,
lbh,lebih,
lbur,libur,
lebay,berlebihan,
leh,boleh,
lekong,laki-laki,
lelet,lambat,
lemot,lambat,
lemot,lambatberfikir,
lemot,lemahotak,
lesbia,lesbian,
less,kurang,
lg,lagi,
lgi,lagi,
lgkp,lengkap,
lgsg,langsung,
lha,lah,
lhaaa,lha,
lht,lihat,
liat,lihat,
light,terang,
link,tautan,
linmas,perlindunganmasyarakat,
litbang,penelitiandanpengembangan,
litte,sedikit,
liwat,lewat,
lknt,laknat,
lmr,lamar,
lmyan,lumayan,
lmyn,lumayan,
lngkp,lengkap,
lo,anda,
lo,kamu,
loch,loh,
loe,kamu,
lohhh,loh,
loker,lowongan,
lol,lucu,
lol,tertawa,
lola,lambatberfikir,
lom,belum,
louph,cinta,
loupz,cinta,
lovely,cantik,
low,kalau,
lowh,kamu,
lp,lupa,
lsm,lembagaswadayamasyarakat,
lu,anda,
lu,kamu,
"luber,""langsung,umum,bebas,danrahasia"","
luchu,lucu,
luchuw,lucu,
luff,cinta,
lum,belum,
luph,cinta,
lur,sobat,
luthu,lucu,
luurr,sobat,
luuuuu,kamu,
luv,love,
lw,kamu,
lwn,lawan,
lwt,lewat,
lyf,live,
ma,sama,
maacih,terimakasih,
maaciw,terimakasih,
mabal,bolos,
mabes,markasbesar,
macem,macam,
macem-macem,macam-macam,
macet2an,macet-macetan,
macih,masih,
madesu,masadepansuram,
maem,makan,
maen,main,
magabut,makangajibuta,
mahatma,majusehatbersama,
maho,homo,
majority,mayoritas,
majuuuu,maju,
mak,ibu,
makasih,terimakasih,
makasihh,terimakasih,
makasihhh,terimakasih,
makasii,terimakasih,
makasiihhh,terimakasih,
makasiii,terimakasih,
make,pakai,
makjang,kaget,
maksa,paksa,
maksain,memaksa,
malah,bahkan,
malem,malam,
males,malas,
malu2in,memalukan,
mam,makan,
mamah,mama,
mampet,tersumbat,
mamz,makan,
mana2,mana-mana,
maneh,kamu,
maneh,mana,
manehh,mana,
manehhh,mana,
manen,panen,
manggil,panggil,
manies,manis,
maniez,manis,
mantabssbagus,,
manteman,teman-teman,
mantep,mantap,
mao,mau,
maren2,kemarin-kemarin,
markus,makelarkasus,
masama,sama-sama,
masing2,masing-masing,
masss,mas,
masukin,masukkan,
masukka,masukkah,
masy,masyarakat,
masyrkt,masyarakat,
mati2,mati-mati,
maybe,mungkin,
mb,mbak,
mba,mbak,
mbabibuta,ceroboh,
mbahas,membahas,
mbaur,baur,
mbelain,belain,
mbual,bual,
mbual,membual,
mcm,macam,
mdh,mudah,
mdh2an,mudah-mudahan,
medann,medan,
medsos,mediasosial,
melayakni,melayani,
melayami,melayani,
meleyooottt,luluh,
melu,ikut,
membaikk,membaik,
mencarut2,mencarut,
mending,lebihbaik,
mendpt,mendapat,
mengcapek,capek,
mengsad,sedih,
meninggoy,meninggal,
meninggoy,meninggal,
meningoy,meninggal,
menjdi,menjadi,
menklarifikasi,mengklarifikasi,
menolak,tolak,
menpora,menteripemudadanolahraga,
"menristek,""mentririset,teknologidanpendidikan"","
mensos,menterisosial,
mepet,dekatsekali,
mesjid,masjid,
met,selamat,
metro,metropolitan,
mga,,moga
mgkin,mungkin,
mgkn,mungkin,
mgu,minggu,
mhn,mohon,
migas,minyakdangasbumi,
miin,admin,
miker,minumankeras,
mikirin,memikirkan,
mikirrr,pikir,
mikol,minumanberalkohol,
miksiw,mixue,
milis,mailinglist,
mimiiin,admin,
mimin,admin,
mingdep,minggudepan,
minjem,meminjam,
miras,minumankeras,
miumi,majelisintelektualdanulamamudaindonesia,
mjadikan,menjadikan,
mjd,menjadi,
mkasii,terimakasih,
mkir,pikir,
mksd,maksud,
mksdnya,maksudnya,
mlah,malah,
mlalui,melalui,
mleyot,luluh,
mlh,malah,
mlm,malam,
mls,malas,
mlu,malu,
mmaju,maju,
mmbuat,membuat,
mmg,memang,
mmng,memang,
mn,mana,
mndukung,mendukung,
mngajarkan,mengajarkan,
mngkn,mungkin,
mninggal,meninggal,
mnipu,tipu,
mnjd,menjadi,
mnolak,menolak,
mnolak,tolak,
mnrtmu,menurutmu,
mnt,minta,
mnurutku,menurutku,
mnyumbang,menyumbang,
mo,mau,
modar,mati,
moga,semoga,
moge,motorgede,
mokad,mati,
mokat,mati,
moms,ibuibu,
morningg,pagi,
moso,masa,
mosok,masa,
most,paling,
mpe,sampai,
mpr,majelispermusyawaratanrakyat,
mrah,marah,
mrasa,merasa,
mreka,mereka,
mrk,mereka,
mrka,mereka,
mrna,merana,
msh,masih,
msih,masih,
msk,masuk,
mskpn,meskipun,
mslh,masalah,
msng2,masing-masing,
msuh,musuh,
msukny,maksudnya,
mt,makanteman,
muahal,mahal,
mubes,musyawarahbesar,
mui,majelisulamaindonesia,
muker,musyawarahkerja,
mulu,melulu,
mumet,pusing,
mumpung,selagi,
muna,munafik,
munas,musyawarahnasional,
munaslub,musyawarahnasionalluarbiasa,
munfik,munafik,
muntaber,muntahdanberak,
musda,musyawarahdaerah,
musti,mesti,
mustinya,mestinya,
muter,putar,
muter2,muter-muter,
muup,maaf,
muupz,maaf,
muuv,maaf,
mw,mau,
mw,nowwatching,
mz,mas,
n,dan,
na,nya,
naas,nahas,
nabung,tabung,
naek,naik,
nagdain,mengadakan,
nahan,tahan,
najiss,najis,
nak,hendak,
nal,kenal,
nan,dan,
nanam,menanam,
nangess,nangis,
nangis,menangis,
nanya,bertanya,
nanyaa,tanya,
nanyain,tanyakan,
naon,apa,
napa,kenapa,
napas,nafas,
napi,narapidana,
napol,narapidanapolitik,
"napza,""narkotika,alkohol,psikotropika,danzatadiktif"","
Napza,narkobapsikotropikadanzatadiktif,
naq,anak,
"narkoba,""narkotika,psikotropika,danobatterlarang"","
narsis,banggapadadirisendiri,
nasgor,nasigoreng,
Nasihat,nasehat,
nax,anak,
nda,tidak,
ndaa,tidak,
ndak,tidak,
ndak,tidak,
ndiri,sendiri,
ndut,gendut,
ne,ini,
nebeng,ikut,
nego,tawar,
negri,negeri,
nekolim,neokolonialisme,
nekolin,neokolonialisme,
nelfon,menelepon,
nembak,menyatakancinta,
nemu,temu,
next,lanjut,
ngabis2in,menghabiskan,
ngabuburit,menungguberbukapuasa,
ngaco,sembarangan,
ngakak,tertawa,
ngaku,mengaku,
ngalamin,mengalami,
ngambek,marah,
ngambil,mengambil,
ngampus,pergikekampus,
ngamuk2,ngamuk-ngamuk,
nganggur,tidakpunyapekerjaan,
nganter,antar,
ngantri,mengantri,
ngapa,mengapa,
ngapah,kenapa,
ngapain,sedangapa,
ngaret,terlambat,
ngaruh,berpengaruh,
ngasal,sembarangan,
ngasi,memberi,
ngasih,memberikan,
ngawur,berbicarasembarangan,
ngebandel,berbuatbandel,
ngebully,intimidasi,
ngeceng,kumpulbareng-bareng,
ngedadak,mendadak,
ngegassss,sikat,
ngegosip,bergosip,
ngeh,sadar,
ngehe,kesal,
ngehubungin,menghubungkan,
ngeklaim,mengklaim,
ngekos,tinggaldikos,
ngeksis,menjadieksis,
ngelamar,melamar,
ngelayani,melayani,
ngeles,berkilah,
ngeliat,melihat,
ngelidur,menggigau,
ngelu,mengeluh,
ngeluarin,keluarkan,
ngemeng,bicaraterus-terusan,
ngentot,senggama,
ngentotin,senggama,
ngerampok,merampok,
ngerasa,merasa,
ngerasain,merasakan,
ngerepotin,merepotkan,
ngeri,seram,
ngerti,mengerti,
ngga,tidak,
nggak,tidak,
nggk,tidak,
ngibul,berbohong,
ngikik,ketawa,
ngikut,ikut,
ngikutin,mengikuti,
ngiler,mau,
nginep,menginap,
ngiri,iri,
ngisi,mengisi,
ngisiin,mengisikan,
ngk,tidak,
ngliat,melihat,
ngmg,bicara,
ngmng,bicara,
ngn,dengan,
ngo,nongovernmentalorganization,
ngocol,lucu,
ngomong,bicara,
ngomongin,membicarakan,
ngonser,konser,
ngonsumsi,mengonsumsi,
ngubek2,mencari-cari,
ngumpet,sembunyi,
ngumpul,berkumpul,
ngumpulin,mengumpulkan,
ngurus,mengurus,
ngusir2,usir-usir,
nh,nih,
ni,ini,
niatnyaa,niatnya,
nice,bagus,
nich,ini,
nie,ini,
niech,nih,
nieh,ini,
nih,ini,
nikahkah,nikahkan,
nimbrung,ikutserta,
nipu,tipu,
nitizen,netizen,
niyh,nih,
njinkkk,anjing,
njirr,anjing,
njrott,anjing,
nk,ingin,
nkah,nikah,
nmenarik,menarik,
nmr,nomor,
nnt,nanti,
nnti,nanti,
nntn,nonton,
nnton,nonton,
no,nomor,
nobar,nontonbareng,
nomer,nomor,
nongkrong,kumpul-kumpul,
nopember,november,
np,nowplaying,
nrp,narapidana,
ntahla,tidaktahu,
ntap,mantap,
ntar,nanti,
ntar,sebentar,
ntn,nonton,
nu,nahdatululama,
nuhun,terimakasih,
nulis,menulis,
numpuk,bertumpuk,
nunggu,menunggu,
nungguin,menunggu,
nunjukin,tunjukkan,
nunjukkin,menunjukkan,
nutupin,menutupi,
ny,nya,
nyaingin,saing,
nyalahin,salah,
nyampah,membuatsampah,
nyamperin,mendatangi,
nyampyr,nyampur,
nyang,yang,
nyaranin,memberisaran,
nyari,mencari,
nyariin,mencari,
nyasar,tersesat,
nyediaiin,menyediakan,
nyediain,menyediakan,
nyekar,menyekar,
nyela,cela,
nyelesain,menyelesaikan,
nyembah,sembah,
nyemot,ambil,
nyempetin,sempat,
nyerang,serang,
nyesel,nyesal,
nyiapin,mempersiapkan,
nyicil,mencicil,
nyiram,menyiram,
nympr,nyampur,
nyoblos,mencoblos,
nyok,ayo,
nyokap,ibu,
nyuntik,menyuntik,
o,oleh,
o/,oleh,
odmk,orangdenganmasalahkejiwaan,
ogah,tidakmau,
ohh,oh,
oia,ohiya,
ok,ok,
okee,oke,
oknumny,oknumnya,
okt,oktober,
ol,oleh,
ol,online,
omdo,omongdoang,
omg,ohmygod,
omong2,ngomong-ngomong,
ongkir,ongkoskirim,
oon,bodoh,
oot,outoftopic,
orange,oranye,
org,orang,
org2,orang-orang,
orglaen,oranglain,
orkes,olahragadankesehatan,
ortu,orangtua,
ospek,orientasistudidanpengenalankampus,
otda,otonomidaerah,
otre,ok,
"otw,""ontheway,sedangdijalan"","
our,kami,
p,per,
p.s,pesan,
p0rn,porno,
pa,apa,
pacal,pacar,
pahe,pakethemat,
pain,sakit,
pakdhe,om,
pake,pakai,
pakek,pakai,
pala,kepala,
palagi,apalagi,
palinh,paling,
pamerin,pamerkan,
panikkk,panik,
panja,panitiakerja,
pansus,panitiakhusus,
pantes,pantas,
pantesan,pantasan,
pantura,pantaiutara,
paranoid,takut,
parno,takut,
parpol,partaipolitik,
parte,partai,
pas2an,pas-pasan,
pasutri,pasangansuamiistri,
patas,cepatdanterbatas,
pd,pada,
pda,pada,
pdhal,padahal,
pdhall,padahal,
pdhl,padahal,
pdhl,padahal,
pdip,partaidemokrasiIndonesiaperjuangan,
pdskji,perhimpunandokterspesialiskedokteranjiwaindonesia,
pdt,padat,
pecahan2,pecahan-pecahan,
pede,percayadiri,
pelanggarab,pelanggaran,
pelatda,pemusatanlatihandaerah,
pelatnas,pemusatanlatihannasional,
pelcehn,pelecehan,
pembokat,pembantu,
pemda,pemerintahdaerah,
pemilu,pemilihanumum,
pemko,pemerintahkota,
pemkot,pemerintahkota,
pemprov,pemerintahprovinsi,
pemred,pemimpinredaksi,
pendukung2,pendukung-pendukung,
penertiban,tertib,
pengen,ingin,
pengennya,maunya,
pengin,ingin,
penjas,pendidikanjasmani,
penmas,pendidikanmasyarakat,
perda,peraturandaerah,
perek,wanitatunasusila,
peremp,perempuan,
pergub,peraturangubernur,
perhatiin,perhatikan,
perjlnan,perjalanan,
perna,pernah,
persiapin,persiapan,
pertamax,pertama,
pesawt,pesawat,
pesen,pesan,
pesenan,pesanan,
pesenin,pesankan,
pgang,pegang,
pgi,pagi,
pgi,pergi,
pgn,mau,
pi,tapi,
pibadeeeh,semuanya,
pihak2,pihakpihak,
pijetin,pijitkan,
pilgub,pemilihangubernur,
pilkada,pemilihankepaladaerah,
pimpro,pemimpinproyek,
pingin,ingin,
pinter,pintar,
pinter2,pintar-pintar,
pisan,sangat,
pisgor,pisanggoreng,
piye,bagaimana,
pk,penjahatkelamin,
pke,pakai,
pket,paket,
pkr,pakar,
pks,partaikeadilansejahtera,
plg,paling,
plh,pilih,
plis,tolong,
pliss,tolong,
plisss,tolong,
plissss,tolong,
pls,tolong,
plssss,tolong,
plsssssssss,tolong,
pm,privatemessage,
pmhaman,pemahaman,
pmrnth,pemerintah,
pndkung,pendukung,
pndukung,pendukung,
pngen,mau,
pnjilat,penjilat,
pns,pegawainegerisipil,
pny,punya,
poin2,poin-poin,
polantas,polisilalulintas,
polda,kepolisiandaerah,
polll,sekali,
polres,kepolisianresor,
polwan,polisiwanita,
pon,juga,
ponpes,pondokpesantren,
ponsel,teleponseluler,
poster2,poster-poster,
pp,pimpinanpusat,
pp,pulangpergi,
ppa,apa,
prepare,persiapan,
presh,segar,
prg,pergi,
prikitiw,cie,
priksa,periksa,
prilaku,perilaku,
prluu,perlu,
prnh,pernah,
pro,profesional,
problem,masalah,
progress,progres,
prototype,contoh,
prov,provinsi,
prtma,pertama,
psen,pesan,
psn,pesan,
psr,pasar,
pst,pasti,
psti,pasti,
pswt,pesawat,
ptemuan,pertemuan,
puanas,panas,
puegel,pegal,
pulak,pula,
pulangggg,pulang,
pulangggggg,pulang,
pulgar,kasar,
punten,permisi,
puskesmas2,puskesmas-puskesmas,
puter,putar,
puyeng,pusing,
pw,posisinyaman,
qmo,kamu,
qmu,kamu,
qt,kita,
rakor,rapatkoordinasi,
rame,ramai,
ramee,ramai,
rang,orang,
ranmor,kendaraanbermotor,
raskin,rakyatmiskin,
rata2,rata-rata,
rbu,ribu,
re,reply,
ready,tersedia,
red,redaksi,
ref,referensi,
reg,register,
rehab,rehabilitasi,
rejeki,rezeki,
rejekinya,rezekinya,
rekan2,rekan-rekan,
reklamuk,reklamasi,
relationship,hubungan
rempah2,rempah-rempah,
rempong,sulit,
renstra,rencanastrategis,
repp,balas,
reskrim,resersekriminal,
restik,resersenarkotika,
rhs,Rahasia,
rhs,rahasia,
ribet,sukar,
rights,benar,
riweuh,riweh,
rja,raja,
rkyt,rakyat,
rmbt,rambut,
rmh,rumah,
rofl,rollingonthefloorlaughing,
ru,baru,
rubahnn,rubah,
rudal,pelurukendali,
ruko,rumahtoko,
rupany,rupanya,
rusun,rumahsusun,
rusunawa,rumahsusunsewa,
rutan,rumahtahanan,
ruu,rancanganundang-undang,
ruz,terus,
rwt,rawat,
s4,sempat,
sabr,sabar,
sadaar,sadar,
sadarr,sadar,
safe,aman,
sah2,sah-sah,
saia,saya,
saiank,sayang,
saje,saja,
sakarepmu,maumu,
sakiit,sakit,
sakittt,sakit,
salting,salahtingkah,
saltum,salahkostum,
sampe,sampai,
sampek,sampai,
sampeyan,anda,
samsek,samasekali,
sange,birahi,
sapa,siapa,
sapose,siapa,
satkorlak,satuankoordinatorpelaksana,
satpam,satuanpengamanan,
say,sayang,
say,sayang,
sayan,sayang,
sbaliknya,sebaliknya,
sbb,sebagaiberikut,
sbg,sebagai,
sbg,sebagai,
sbgn,sebagian,
sbh,sebuah,
sblm,sebelum,
sbnr,sebenar,
sbnrny,sebenarnya,
sbnrnya,sebenarnya,
sbntr,sebentar,
scara,secara,
scr,secara,
sdg,sedang,
sdgkan,sedangkan,
sdgkn,sedangkan,
sdh,sudah,
sdkt,sedikit,
sdkt,sedikit,
sdngkn,sedangkan,
SE,SuratEdaran,
se7,setuju,
seabrek,banyak,
sebelasduabelas,mirip,
sebelom,sebelum,
sebenernya,sebenarnya,
sebgmn,sebagaimana,
sebuk,sibuk,
sedihhhhhh,sedih,
sedihhhhhhhhhh,sedih,
sekedar,sekadar,
sekjen,sekretarisjenderal,
selaen,selain,
selebretong,selebriti,
selmt,selamat,
selow,santai,
semangatttt,semangat,
semau,asal,
sembako,sembilanbahanpokok,
sempak,celanadalam,
sempet,sempat,
sempet2nya,sempat-sempatnya,
semuaa,semua,
sendratari,senidramatari,
seneng,senang,
sense,rasa,
seorg,seorang,
sept,september,
serasiii,serasi,
sertif,sertifikat,
sertifikatny,sertifikatnya,
sertijab,serahterimajabatan,
seruw,seru,
service,layanan,
sesok,besok,
sesok,besok,
seting,akting,
setting,atur,
sgitunya,segitunya,
sgl,segala,
sgrc,supportgroupandresourcecenter,
sgt,sangat,
shg,sehingga,
shg,sehingga,
shrsnya,seharusnya,
shuami,suami,
siap2,siap-siap,
siapin,siapkan,
sibukny,sibuknya,
sidak,inspeksimendadak,
sie,sih,
siech,sih,
sieee,sih,
sieyh,sih,
sigh,sih,
sihat,sehat,
siiihhh,sih,
sik,sih,
sikit,sedikit,
sikon,situasidankondisi,
simiskin,miskin,
simpedes,simpananpedesaan,
sinetron,sinemaelektronik,
singkron,sinkron,
sip,ok,
siramin,siramkan,
sis,kakakperempuan,
sj,saja,
sjk,sejak,
skali,sekali,
skalian,sekalian,
skit,sakit,
skl,sekali,
sklh,sekolah,
skligus,sekaligus,
skr,sekarang,
skrg,sekarang,
skrng,sekarang,
skt,sakit,
skul,sekolah,
slalu,selalu,
slama,selama,
slesai,selesai,
slh,salah,
slight,sedikit,
sll,selalu,
sllu,selalu,
slm,salam,
slma,selama,
slmt,selamat,
slsai,selesai,
slt,sulit,
sm,sama,
sma,sama,
smbuh,sembuh,
smg,semoga,
smkn,semakin,
smlm,semalam,
smpe,sampai,
smpt,sempat,
smua,semua,
smuanya,semuanya,
smw,semua,
smwny,semuanya,
sndiri,sendiri,
sng,senang,
sni,sini,
soale,soalnya,
soallnya,soalnya,
soalna,soalnya,
soalny,soalnya,
soft,halus,
sohib,teman,
sokong,dukung,
soljum,sholatjumat,
solve,solusi,
somse,sombongsekali,
songong,sombong,
soooo,jadi,
sorry,maaf,
sory,maaf,
sosbud,sosial-budaya,
sosek,sosial-ekonomi,
sospol,sosial-politik,
sotoy,soktahu,
sowry,maaf,
spa,siapa,
spd,sepeda,
sppa,siapa,
sprti,seperti,
spt,seperti,
sptnya,sepertinya,
spy,supaya,
srt,surat,
srtfkt,sertifikat,
st,stasiun,
stasiyn,stasiun,
statemen,pernyataan,
statement,pernyataan,
stay,tetap,
stelah,setelah,
stiap,setiap,
still,masih,
stlh,setelah,
stop,henti,
stressnya,stressnya,
subbag,subbagian,
suk,masuk,
sumbangin,sumbangkan,
sumpek,sempit,
suwun,minta,
sy,saya,
sya,saya,
syaa,saya,
syg,sayang,
syp,siapa,
t4,tempat,
tabanas,tabunganpembangunannasional,
tahi,kotoran,
tai,kotoran,
taik,kotoran,
taik,tahi,
tajir,kaya,
tak,tidak,
takda,tidakada,
taknak,tidakmau,
takoooot,takut,
takpe,tidakapaapa,
takuttttt,takut,
tangkep,tangkap,
tanyaaa,tanya,
tar,nanti,
tarik2,tarik-tarik,
tau,tahu,
tau,tahu,
tauk,tahu,
taun,tahun,
tauu,tahu,
taw,tahu,
tawh,tahu,
tayangan2,tayangan-tayangan,
tbtb,tibatiba,
td,tadi,
tdi,tadi,
tdk,tidak,
te2p,tetap,
teh,kakakperempuan,
teken,tekan,
tekor,rugi,
telat,terlambat,
telkom,telekomunikasi,
telmi,telatberpikir,
telp,telepon,
telpon,telepon,
temaaannn,teman,
teman2,teman-teman,
temen,teman,
temen2,teman-teman,
tenang2,tenangtenang,
tenanggg,tenang,
tengil,menyebalkan,
tengok,menjenguk,
tepar,terkapar,
terbitin,terbitkan,
termsk,termasuk,
tetiba,tiba-tiba,
tetp,tetap,
teve,televisi,
tggu,tunggu,
tgl,tanggal,
tgok,tengok,
tgu,tunggu,
thanks,terimakasih,
thanksss,terimakasih,
thankz,terimakasih,
thd,terhadap,
thdp,terhadap,
these,ini,
thn,tahun,
thx,terimakasih,
thx,thanks,
tidakk,tidak,
tiduuuuurrrr,tidur,
tilang,buktipelanggaran,
tilep,tilap,
time,waktu,
tioghoa,tionghoa,
tipi,TV,
tipiwan,TvOne,
tirani,tiran,
tk,tamankanak-kanak,
tk,tidak,
tkg,tukang,
tks,terimakasih,
tl,timeline,
tlg,tolong,
tll,terlalu,
tlng,tolong,
tlong,tolong,
tlp,telepon,
tlpn,telepon,
tls,tulis,
tman,teman,
tmbah,tambah,
tmbh,tambah,
tmen2,teman-teman,
tmn,teman,
tmn2,teman-teman,
tmpah,tumpah,
tmph,tumpah,
tmpt,tempat,
tnda,tanda,
tngn,tangan,
tngu,tunggu,
tnh,tanah,
tni,tentaranasionalindonesia,
tnp,tanpa,
tnpa,tanpa,
tntg,tentang,
tny,tanya,
tnya,tanya,
tnyta,ternyata,
togel,totogelap,
tokai,tai,
tokoh2,tokoh-tokoh,
tolongggg,tolong,
tolongggggg,tolong,
toserba,tokoserbaada,
toys,main,
tp,tapi,
tpi,tapi,
tpi,tetapi,
tq,terimakasih,
trdhulu,terdahulu,
tren,trend,
trending,trend,
trfkir,terfikir,
trgntg,tergantung,
trh,terhadap,
trhdp,terhadap,
trima,terimakasih,
trims,terimakasih,
trimz,terimakasih,
trkhr,terakhir,
trlalu,terlalu,
trllu,terlalu,
trm,terima,
trmsk,termasuk,
trnyt,ternyata,
tross,terus,
trs,terus,
trss,terus,
trsss,terus,
trus,terus,
truss,terus,
trutama,terutama,
trz,terus,
ts,penulis,
tsangka,tersangka,
tsb,tersebut,
tsb,tersebut,
tsk,tersangka,
tst,tahusamatahu,
ttd,tertanda,
ttg,tentang,
ttng,tentang,
ttp,tetap,
tu,itu,
tuch,tuh,
tudei,hariini,
tuh,itu,
tuir,tua,
tungguin,tunggu,
tunjukin,tunjukkan,
tuwh,tuh,
tv,televisi,
tw,tahu,
twit2,tweet-tweet,
twt,tweet,
tyap,tiap,
u,anda,
u,kamu,
u,untuk,
u/,untuk,
uasai,kuasa,
ud,sudah,
uda,sudah,
udaah,sudah,
udah,sudah,
udahh,sudah,
udeh,sudah,
udh,sudah,
uga,juga,
ugm,universitasgajahmada,
ui,universitasindonesia,
ujg,ujung,
ujung2nya,ujung-ujungnya,
ul,ulangan,
ultah,ulangtahun,
unair,universitasairlangga,
undang2,undangundang,
undip,universitasdiponegoro,
univ,universitas,
untk,untuk,
unyu,lucu,
unyu,menggemaskan,
uplot,unggah,
uppu,apa,
urang,saya,
urg,saya,
usah,perlu,
use,guna,
ust,ustadz,
ut,untuk,
utamain,mengutamakan,
utang,hutang,
utip,kutip,
utk,untuk,
utk,untuk,
utul,ujiantertulis,
uu,undang-undang,
vaksij,vaksin,
valas,valutaasing,
valid,sah,
victory,menang,
vksin,vaksin,
vol,volume,
vote,pilih,
w/,dengan,
wad,buat,
wadir,wakildirektur,
wagub,wakilgubernur,
walachh,oh,
walauoun,walaupun,
walaupum,walaupun,
walopun,walaupun,
wamil,wajibmiliter,
wanjaayyy,anjing,
war,perang,
warbiyasak,luarbiasa,
waria,wanitapria,
warkop,warungkopi,
warnet,warunginternet,
warteg,warungtegal,
wartel,warungtelekomunikasi,
waspadalah,waspada,
wat,buat,
watuk,batuk,
who,worldhealthorganization,
wk,tertawa,
wkt,waktu,
wkt,waktu,
wktu,waktu,
wkwk,tertawa,
wkwkkw,tertawa,
wlopun,walaupun,
wlpn,walaupun,
woeeee,woy,
wtf,whatthefuck,
wth,whatthehell,
x,tidak,
xan,takakan,
xew,apa,
xixixi,tertawa,
y,kenapa,
y,ya,
ya,iya,
yaaaaa,ya,
yaaaahh,ya,
yaacchhh,ya,
yaallaahhh,yaallah,
yachhh,ya,
yad,yangakandatang,
yahh,yah,
yahhhh,yah,
yall,semuanya,
yap,iya,
yapz,iya,
yaudah,yasudah,
yaudahla,yasudah,
yaudahlah,yasudah,
yaudala,yasudah,
yauwda,yasudah,
yawdah,yasudah,
ybs,yangbersangkutan,
ye,ya,
yea,ya,
yeayyy,ya,
yeayyyy,yes,
yee,yes,
yekan,yakan,
yg,yang,
yg,yang,
yh,ya,
yha,ya,
yhh,ya,
yi,yaitu,
yl,yanglain,
yng,yang,
yo,iya,
yoha,iya,
yok,ayo,
yowes,yasudah,
yuk,ayo,
yukk,ayo,
yukkk,ayo,
yup,iya,
ywdh,yasudah,
zonk,bodoh,
tetap,tetap,
